{
  "ground": {
    "translation": [0.25, 0.375, 0.25],
    "rotation": [0.0, 0.0, 0.0, 1.0],
    "scale": [0.5, 0.5, 0.5],
    "post-rotation": [0.0, 0.0, 0.0, 1.0]
  },
  "head": {
    "translation": [1.0, 0.8125, 1.4375],
    "rotation": [0.0, 1.0, 0.0, -4.371139E-8],
    "scale": [1.0, 1.0, 1.0],
    "post-rotation": [0.0, 0.0, 0.0, 1.0]
  },
  "thirdperson_righthand": {
    "translation": [0.9249999, 0.15809035, 0.63561964],
    "rotation": [-0.3265056, -0.6272113, 0.32650554, 0.62721133],
    "scale": [0.84999996, 0.85, 0.8499999],
    "post-rotation": [0.0, 0.0, 0.0, 1.0]
  },
  "thirdperson_lefthand": {
    "translation": [0.07499999, 0.85436964, 1.1231594],
    "rotation": [-0.3265056, 0.6272113, -0.32650554, 0.62721133],
    "scale": [0.84999996, 0.85, 0.8499999],
    "post-rotation": [0.0, 0.0, 0.0, 1.0]
  },
  "firstperson_righthand": {
    "translation": [0.910625, 0.24816513, 0.40617055],
    "rotation": [-0.15304594, -0.6903456, 0.15304594, 0.6903456],
    "scale": [0.68000007, 0.68000007, 0.68],
    "post-rotation": [0.0, 0.0, 0.0, 1.0]
  },
  "firstperson_lefthand": {
    "translation": [0.230625, 0.5355455, 1.0224599],
    "rotation": [0.15304594, -0.6903456, 0.15304594, -0.6903456],
    "scale": [0.68000007, 0.68000007, 0.68],
    "post-rotation": [0.0, 0.0, 0.0, 1.0]
  },
  "fixed": {
    "translation": [1.0, 0.0, 1.0],
    "rotation": [0.0, 1.0, 0.0, -4.371139E-8],
    "scale": [1.0, 1.0, 1.0],
    "post-rotation": [0.0, 0.0, 0.0, 1.0]
  }
}