{
  "ground": {
    "translation": [0.25, 0.375, 0.25],
    "rotation": [0.0, 0.0, 0.0, 1.0],
    "scale": [0.5, 0.5, 0.5],
    "post-rotation": [0.0, 0.0, 0.0, 1.0]
  },
  "head": {
    "translation": [1.0, 0.8125, 1.4375],
    "rotation": [0.0, 1.0, 0.0, -4.371139E-8],
    "scale": [1.0, 1.0, 1.0],
    "post-rotation": [0.0, 0.0, 0.0, 1.0]
  },
  "thirdperson_righthand": {
    "translation": [0.225, 0.4125, 0.2875],
    "rotation": [0.0, 0.0, 0.0, 0.99999994],
    "scale": [0.55, 0.55, 0.55],
    "post-rotation": [0.0, 0.0, 0.0, 1.0]
  },
  "thirdperson_lefthand": {
    "translation": [0.225, 0.4125, 0.2875],
    "rotation": [0.0, 0.0, 0.0, 0.99999994],
    "scale": [0.55, 0.55, 0.55],
    "post-rotation": [0.0, 0.0, 0.0, 1.0]
  },
  "firstperson_righthand": {
    "translation": [0.910625, 0.24816513, 0.40617055],
    "rotation": [-0.15304594, -0.6903456, 0.15304594, 0.6903456],
    "scale": [0.68000007, 0.68000007, 0.68],
    "post-rotation": [0.0, 0.0, 0.0, 1.0]
  },
  "firstperson_lefthand": {
    "translation": [0.08937502, 0.5355455, 1.0224599],
    "rotation": [0.15304594, -0.6903456, 0.15304594, -0.6903456],
    "scale": [0.68000007, 0.68000007, 0.68],
    "post-rotation": [0.0, 0.0, 0.0, 1.0]
  },
  "fixed": {
    "translation": [1.0, 0.0, 1.0],
    "rotation": [0.0, 1.0, 0.0, -4.371139E-8],
    "scale": [1.0, 1.0, 1.0],
    "post-rotation": [0.0, 0.0, 0.0, 1.0]
  }
}